<?xml version="1.0"?>
<preset>

<description/>

<settings>
<intro/>
<comments>0</comments>
<requiredentries>0</requiredentries>
<requiredentriestoview>0</requiredentriestoview>
<maxentries>0</maxentries>
<rssarticles>0</rssarticles>
<approval>1</approval>
<manageapproved>1</manageapproved>
<defaultsortdir>0</defaultsortdir>
<defaultsort>0</defaultsort>
</settings>

<field>
<type>text</type>
<name>category1</name>
<required>1</required>
</field>

<field>
<type>text</type>
<name>category1b</name>
<required>1</required>
</field>

<field>
<type>text</type>
<name>category1c</name>
<required>1</required>
</field>

<field>
<type>text</type>
<name>category1d</name>
<required>1</required>
</field>

<field>
<type>text</type>
<name>category2</name>
<required>1</required>
</field>

<field>
<type>text</type>
<name>category2b</name>
<required>1</required>
</field>

<field>
<type>text</type>
<name>category2c</name>
<required>1</required>
</field>

<field>
<type>text</type>
<name>category2d</name>
<required>1</required>
</field>

<field>
<type>text</type>
<name>category3</name>
<required>1</required>
</field>

<field>
<type>text</type>
<name>category3b</name>
<required>1</required>
</field>

<field>
<type>text</type>
<name>category3c</name>
<required>1</required>
</field>

<field>
<type>text</type>
<name>category3d</name>
<required>1</required>
</field>

<field>
<type>text</type>
<name>category4</name>
<required>1</required>
</field>

<field>
<type>text</type>
<name>category4b</name>
<required>1</required>
</field>

<field>
<type>text</type>
<name>category4c</name>
<required>1</required>
</field>

<field>
<type>text</type>
<name>category4d</name>
<required>1</required>
</field>

<field>
<type>text</type>
<name>Name1</name>
<required>1</required>
</field>

<field>
<type>text</type>
<name>Name2</name>
<required>1</required>
</field>

<field>
<type>text</type>
<name>Name3</name>
<required>1</required>
</field>

<field>
<type>text</type>
<name>Name4</name>
<required>1</required>
</field>

</preset>
